order_id,customer_id,order_status,order_purchase_timestamp,order_approved_at,order_delivered_carrier_date,order_delivered_customer_date,order_estimated_delivery_date
order_00001,cust_00001,delivered,2017-09-04 21:00:00,2017-09-04 23:00:00,2017-09-05 21:00:00,2017-09-12 21:00:00,2017-09-16 21:00:00
order_00002,cust_00002,delivered,2017-09-04 16:00:00,2017-09-04 18:00:00,2017-09-05 16:00:00,2017-09-09 16:00:00,2017-09-16 16:00:00
order_00003,cust_00003,delivered,2017-09-09 09:00:00,2017-09-09 11:00:00,2017-09-10 09:00:00,2017-09-17 09:00:00,2017-09-21 09:00:00
order_00004,cust_00004,delivered,2017-09-06 16:00:00,2017-09-06 18:00:00,2017-09-07 16:00:00,2017-09-13 16:00:00,2017-09-18 16:00:00
order_00005,cust_00005,delivered,2017-09-08 15:00:00,2017-09-08 17:00:00,2017-09-09 15:00:00,2017-09-16 15:00:00,2017-09-20 15:00:00
order_00006,cust_00006,delivered,2017-09-06 18:00:00,2017-09-06 20:00:00,2017-09-07 18:00:00,2017-09-14 18:00:00,2017-09-18 18:00:00
order_00007,cust_00007,delivered,2017-09-07 08:00:00,2017-09-07 10:00:00,2017-09-08 08:00:00,2017-09-12 08:00:00,2017-09-19 08:00:00
order_00008,cust_00008,delivered,2017-09-07 16:00:00,2017-09-07 18:00:00,2017-09-08 16:00:00,2017-09-13 16:00:00,2017-09-19 16:00:00
order_00009,cust_00009,delivered,2017-09-05 08:00:00,2017-09-05 10:00:00,2017-09-06 08:00:00,2017-09-12 08:00:00,2017-09-17 08:00:00
order_00010,cust_00010,delivered,2017-09-05 19:00:00,2017-09-05 21:00:00,2017-09-06 19:00:00,2017-09-13 19:00:00,2017-09-17 19:00:00
order_00011,cust_00011,delivered,2017-09-07 10:00:00,2017-09-07 12:00:00,2017-09-08 10:00:00,2017-09-11 10:00:00,2017-09-19 10:00:00
order_00012,cust_00012,delivered,2017-09-09 12:00:00,2017-09-09 14:00:00,2017-09-10 12:00:00,2017-09-15 12:00:00,2017-09-21 12:00:00
order_00013,cust_00013,delivered,2017-09-04 10:00:00,2017-09-04 12:00:00,2017-09-05 10:00:00,2017-09-08 10:00:00,2017-09-16 10:00:00
order_00014,cust_00014,delivered,2017-09-05 13:00:00,2017-09-05 15:00:00,2017-09-06 13:00:00,2017-09-10 13:00:00,2017-09-17 13:00:00
order_00015,cust_00015,delivered,2017-09-06 19:00:00,2017-09-06 21:00:00,2017-09-07 19:00:00,2017-09-10 19:00:00,2017-09-18 19:00:00
order_00016,cust_00016,delivered,2017-09-09 13:00:00,2017-09-09 15:00:00,2017-09-10 13:00:00,2017-09-15 13:00:00,2017-09-21 13:00:00
order_00017,cust_00017,delivered,2017-09-08 21:00:00,2017-09-08 23:00:00,2017-09-09 21:00:00,2017-09-12 21:00:00,2017-09-20 21:00:00
order_00018,cust_00018,delivered,2017-09-04 19:00:00,2017-09-04 21:00:00,2017-09-05 19:00:00,2017-09-09 19:00:00,2017-09-16 19:00:00
order_00019,cust_00019,delivered,2017-09-07 18:00:00,2017-09-07 20:00:00,2017-09-08 18:00:00,2017-09-13 18:00:00,2017-09-19 18:00:00
order_00020,cust_00020,delivered,2017-09-05 21:00:00,2017-09-05 23:00:00,2017-09-06 21:00:00,2017-09-10 21:00:00,2017-09-17 21:00:00
order_00021,cust_00021,delivered,2017-09-10 10:00:00,2017-09-10 12:00:00,2017-09-11 10:00:00,2017-09-14 10:00:00,2017-09-22 10:00:00
order_00022,cust_00022,delivered,2017-09-08 08:00:00,2017-09-08 10:00:00,2017-09-09 08:00:00,2017-09-13 08:00:00,2017-09-20 08:00:00
order_00023,cust_00023,delivered,2017-09-12 11:00:00,2017-09-12 13:00:00,2017-09-13 11:00:00,2017-09-18 11:00:00,2017-09-24 11:00:00
order_00024,cust_00024,delivered,2017-09-15 17:00:00,2017-09-15 19:00:00,2017-09-16 17:00:00,2017-09-23 17:00:00,2017-09-27 17:00:00
order_00025,cust_00025,delivered,2017-09-11 14:00:00,2017-09-11 16:00:00,2017-09-12 14:00:00,2017-09-18 14:00:00,2017-09-23 14:00:00
order_00026,cust_00026,delivered,2017-09-12 19:00:00,2017-09-12 21:00:00,2017-09-13 19:00:00,2017-09-21 19:00:00,2017-09-24 19:00:00
order_00027,cust_00027,delivered,2017-09-12 18:00:00,2017-09-12 20:00:00,2017-09-13 18:00:00,2017-09-17 18:00:00,2017-09-24 18:00:00
order_00028,cust_00028,delivered,2017-09-15 12:00:00,2017-09-15 14:00:00,2017-09-16 12:00:00,2017-09-23 12:00:00,2017-09-27 12:00:00
order_00029,cust_00029,delivered,2017-09-12 12:00:00,2017-09-12 14:00:00,2017-09-13 12:00:00,2017-09-17 12:00:00,2017-09-24 12:00:00
order_00030,cust_00030,delivered,2017-09-16 09:00:00,2017-09-16 11:00:00,2017-09-17 09:00:00,2017-09-22 09:00:00,2017-09-28 09:00:00
order_00031,cust_00031,delivered,2017-09-15 19:00:00,2017-09-15 21:00:00,2017-09-16 19:00:00,2017-09-20 19:00:00,2017-09-27 19:00:00
order_00032,cust_00032,delivered,2017-09-13 15:00:00,2017-09-13 17:00:00,2017-09-14 15:00:00,2017-09-21 15:00:00,2017-09-25 15:00:00
order_00033,cust_00033,delivered,2017-09-12 16:00:00,2017-09-12 18:00:00,2017-09-13 16:00:00,2017-09-19 16:00:00,2017-09-24 16:00:00
order_00034,cust_00034,delivered,2017-09-17 19:00:00,2017-09-17 21:00:00,2017-09-18 19:00:00,2017-09-26 19:00:00,2017-09-29 19:00:00
order_00035,cust_00035,delivered,2017-09-16 12:00:00,2017-09-16 14:00:00,2017-09-17 12:00:00,2017-09-24 12:00:00,2017-09-28 12:00:00
order_00036,cust_00036,delivered,2017-09-11 13:00:00,2017-09-11 15:00:00,2017-09-12 13:00:00,2017-09-18 13:00:00,2017-09-23 13:00:00
order_00037,cust_00037,delivered,2017-09-13 18:00:00,2017-09-13 20:00:00,2017-09-14 18:00:00,2017-09-18 18:00:00,2017-09-25 18:00:00
order_00038,cust_00038,delivered,2017-09-15 18:00:00,2017-09-15 20:00:00,2017-09-16 18:00:00,2017-09-20 18:00:00,2017-09-27 18:00:00
order_00039,cust_00039,delivered,2017-09-12 18:00:00,2017-09-12 20:00:00,2017-09-13 18:00:00,2017-09-18 18:00:00,2017-09-24 18:00:00
order_00040,cust_00040,delivered,2017-09-15 16:00:00,2017-09-15 18:00:00,2017-09-16 16:00:00,2017-09-19 16:00:00,2017-09-27 16:00:00
order_00041,cust_00041,delivered,2017-09-12 11:00:00,2017-09-12 13:00:00,2017-09-13 11:00:00,2017-09-21 11:00:00,2017-09-24 11:00:00
order_00042,cust_00042,delivered,2017-09-13 12:00:00,2017-09-13 14:00:00,2017-09-14 12:00:00,2017-09-22 12:00:00,2017-09-25 12:00:00
order_00043,cust_00043,delivered,2017-09-13 15:00:00,2017-09-13 17:00:00,2017-09-14 15:00:00,2017-09-20 15:00:00,2017-09-25 15:00:00
order_00044,cust_00044,delivered,2017-09-18 21:00:00,2017-09-18 23:00:00,2017-09-19 21:00:00,2017-09-26 21:00:00,2017-09-30 21:00:00
order_00045,cust_00045,delivered,2017-09-20 10:00:00,2017-09-20 12:00:00,2017-09-21 10:00:00,2017-09-28 10:00:00,2017-10-02 10:00:00
order_00046,cust_00046,delivered,2017-09-18 15:00:00,2017-09-18 17:00:00,2017-09-19 15:00:00,2017-09-27 15:00:00,2017-09-30 15:00:00
order_00047,cust_00047,delivered,2017-09-19 19:00:00,2017-09-19 21:00:00,2017-09-20 19:00:00,2017-09-23 19:00:00,2017-10-01 19:00:00
order_00048,cust_00048,delivered,2017-09-24 12:00:00,2017-09-24 14:00:00,2017-09-25 12:00:00,2017-09-28 12:00:00,2017-10-06 12:00:00
order_00049,cust_00049,delivered,2017-09-20 11:00:00,2017-09-20 13:00:00,2017-09-21 11:00:00,2017-09-26 11:00:00,2017-10-02 11:00:00
order_00050,cust_00050,delivered,2017-09-21 15:00:00,2017-09-21 17:00:00,2017-09-22 15:00:00,2017-09-29 15:00:00,2017-10-03 15:00:00
order_00051,cust_00051,delivered,2017-09-20 15:00:00,2017-09-20 17:00:00,2017-09-21 15:00:00,2017-09-28 15:00:00,2017-10-02 15:00:00
order_00052,cust_00052,delivered,2017-09-20 20:00:00,2017-09-20 22:00:00,2017-09-21 20:00:00,2017-09-27 20:00:00,2017-10-02 20:00:00
order_00053,cust_00053,delivered,2017-09-20 20:00:00,2017-09-20 22:00:00,2017-09-21 20:00:00,2017-09-28 20:00:00,2017-10-02 20:00:00
order_00054,cust_00054,delivered,2017-09-24 08:00:00,2017-09-24 10:00:00,2017-09-25 08:00:00,2017-10-01 08:00:00,2017-10-06 08:00:00
order_00055,cust_00055,delivered,2017-09-21 14:00:00,2017-09-21 16:00:00,2017-09-22 14:00:00,2017-09-27 14:00:00,2017-10-03 14:00:00
order_00056,cust_00056,delivered,2017-09-24 16:00:00,2017-09-24 18:00:00,2017-09-25 16:00:00,2017-10-01 16:00:00,2017-10-06 16:00:00
order_00057,cust_00057,delivered,2017-09-24 08:00:00,2017-09-24 10:00:00,2017-09-25 08:00:00,2017-09-28 08:00:00,2017-10-06 08:00:00
order_00058,cust_00058,delivered,2017-09-21 19:00:00,2017-09-21 21:00:00,2017-09-22 19:00:00,2017-09-25 19:00:00,2017-10-03 19:00:00
order_00059,cust_00059,delivered,2017-09-22 12:00:00,2017-09-22 14:00:00,2017-09-23 12:00:00,2017-09-29 12:00:00,2017-10-04 12:00:00
order_00060,cust_00060,delivered,2017-09-23 18:00:00,2017-09-23 20:00:00,2017-09-24 18:00:00,2017-09-29 18:00:00,2017-10-05 18:00:00
order_00061,cust_00061,delivered,2017-09-18 19:00:00,2017-09-18 21:00:00,2017-09-19 19:00:00,2017-09-24 19:00:00,2017-09-30 19:00:00
order_00062,cust_00062,delivered,2017-09-19 12:00:00,2017-09-19 14:00:00,2017-09-20 12:00:00,2017-09-24 12:00:00,2017-10-01 12:00:00
order_00063,cust_00063,delivered,2017-09-21 08:00:00,2017-09-21 10:00:00,2017-09-22 08:00:00,2017-09-26 08:00:00,2017-10-03 08:00:00
order_00064,cust_00064,delivered,2017-09-19 18:00:00,2017-09-19 20:00:00,2017-09-20 18:00:00,2017-09-27 18:00:00,2017-10-01 18:00:00
order_00065,cust_00065,delivered,2017-09-18 12:00:00,2017-09-18 14:00:00,2017-09-19 12:00:00,2017-09-22 12:00:00,2017-09-30 12:00:00
order_00066,cust_00066,delivered,2017-09-21 11:00:00,2017-09-21 13:00:00,2017-09-22 11:00:00,2017-09-27 11:00:00,2017-10-03 11:00:00
order_00067,cust_00067,delivered,2017-09-21 09:00:00,2017-09-21 11:00:00,2017-09-22 09:00:00,2017-09-25 09:00:00,2017-10-03 09:00:00
order_00068,cust_00068,delivered,2017-09-23 19:00:00,2017-09-23 21:00:00,2017-09-24 19:00:00,2017-10-02 19:00:00,2017-10-05 19:00:00
order_00069,cust_00069,delivered,2017-09-18 15:00:00,2017-09-18 17:00:00,2017-09-19 15:00:00,2017-09-27 15:00:00,2017-09-30 15:00:00
order_00070,cust_00070,delivered,2017-09-27 15:00:00,2017-09-27 17:00:00,2017-09-28 15:00:00,2017-10-03 15:00:00,2017-10-09 15:00:00
order_00071,cust_00071,delivered,2017-09-29 13:00:00,2017-09-29 15:00:00,2017-09-30 13:00:00,2017-10-04 13:00:00,2017-10-11 13:00:00
order_00072,cust_00072,delivered,2017-09-30 15:00:00,2017-09-30 17:00:00,2017-10-01 15:00:00,2017-10-05 15:00:00,2017-10-12 15:00:00
order_00073,cust_00073,delivered,2017-09-29 12:00:00,2017-09-29 14:00:00,2017-09-30 12:00:00,2017-10-05 12:00:00,2017-10-11 12:00:00
order_00074,cust_00074,delivered,2017-09-25 09:00:00,2017-09-25 11:00:00,2017-09-26 09:00:00,2017-09-29 09:00:00,2017-10-07 09:00:00
order_00075,cust_00075,delivered,2017-09-29 21:00:00,2017-09-29 23:00:00,2017-09-30 21:00:00,2017-10-07 21:00:00,2017-10-11 21:00:00
order_00076,cust_00076,delivered,2017-09-30 17:00:00,2017-09-30 19:00:00,2017-10-01 17:00:00,2017-10-06 17:00:00,2017-10-12 17:00:00
order_00077,cust_00077,delivered,2017-09-30 11:00:00,2017-09-30 13:00:00,2017-10-01 11:00:00,2017-10-04 11:00:00,2017-10-12 11:00:00
order_00078,cust_00078,delivered,2017-09-30 16:00:00,2017-09-30 18:00:00,2017-10-01 16:00:00,2017-10-05 16:00:00,2017-10-12 16:00:00
order_00079,cust_00079,delivered,2017-09-25 12:00:00,2017-09-25 14:00:00,2017-09-26 12:00:00,2017-10-04 12:00:00,2017-10-07 12:00:00
order_00080,cust_00080,delivered,2017-09-25 14:00:00,2017-09-25 16:00:00,2017-09-26 14:00:00,2017-09-30 14:00:00,2017-10-07 14:00:00
order_00081,cust_00081,delivered,2017-09-25 16:00:00,2017-09-25 18:00:00,2017-09-26 16:00:00,2017-09-30 16:00:00,2017-10-07 16:00:00
order_00082,cust_00082,delivered,2017-09-29 10:00:00,2017-09-29 12:00:00,2017-09-30 10:00:00,2017-10-03 10:00:00,2017-10-11 10:00:00
order_00083,cust_00083,delivered,2017-09-29 19:00:00,2017-09-29 21:00:00,2017-09-30 19:00:00,2017-10-04 19:00:00,2017-10-11 19:00:00
order_00084,cust_00084,delivered,2017-09-30 21:00:00,2017-09-30 23:00:00,2017-10-01 21:00:00,2017-10-05 21:00:00,2017-10-12 21:00:00
order_00085,cust_00085,delivered,2017-09-26 14:00:00,2017-09-26 16:00:00,2017-09-27 14:00:00,2017-10-03 14:00:00,2017-10-08 14:00:00
order_00086,cust_00086,delivered,2017-09-28 09:00:00,2017-09-28 11:00:00,2017-09-29 09:00:00,2017-10-02 09:00:00,2017-10-10 09:00:00
order_00087,cust_00087,delivered,2017-09-25 19:00:00,2017-09-25 21:00:00,2017-09-26 19:00:00,2017-10-01 19:00:00,2017-10-07 19:00:00
order_00088,cust_00088,delivered,2017-09-29 19:00:00,2017-09-29 21:00:00,2017-09-30 19:00:00,2017-10-08 19:00:00,2017-10-11 19:00:00
order_00089,cust_00089,delivered,2017-09-27 17:00:00,2017-09-27 19:00:00,2017-09-28 17:00:00,2017-10-03 17:00:00,2017-10-09 17:00:00
order_00090,cust_00090,delivered,2017-09-29 16:00:00,2017-09-29 18:00:00,2017-09-30 16:00:00,2017-10-04 16:00:00,2017-10-11 16:00:00
order_00091,cust_00091,delivered,2017-09-26 20:00:00,2017-09-26 22:00:00,2017-09-27 20:00:00,2017-10-02 20:00:00,2017-10-08 20:00:00
order_00092,cust_00092,delivered,2017-09-27 17:00:00,2017-09-27 19:00:00,2017-09-28 17:00:00,2017-10-02 17:00:00,2017-10-09 17:00:00
order_00093,cust_00093,delivered,2017-09-27 12:00:00,2017-09-27 14:00:00,2017-09-28 12:00:00,2017-10-06 12:00:00,2017-10-09 12:00:00
order_00094,cust_00094,delivered,2017-09-29 13:00:00,2017-09-29 15:00:00,2017-09-30 13:00:00,2017-10-05 13:00:00,2017-10-11 13:00:00
order_00095,cust_00095,delivered,2017-10-01 11:00:00,2017-10-01 13:00:00,2017-10-02 11:00:00,2017-10-10 11:00:00,2017-10-13 11:00:00
order_00096,cust_00096,delivered,2017-09-28 17:00:00,2017-09-28 19:00:00,2017-09-29 17:00:00,2017-10-06 17:00:00,2017-10-10 17:00:00
order_00097,cust_00097,delivered,2017-09-26 08:00:00,2017-09-26 10:00:00,2017-09-27 08:00:00,2017-09-30 08:00:00,2017-10-08 08:00:00
order_00098,cust_00098,delivered,2017-09-27 18:00:00,2017-09-27 20:00:00,2017-09-28 18:00:00,2017-10-01 18:00:00,2017-10-09 18:00:00
order_00099,cust_00099,delivered,2017-09-27 18:00:00,2017-09-27 20:00:00,2017-09-28 18:00:00,2017-10-05 18:00:00,2017-10-09 18:00:00
order_00100,cust_00100,delivered,2017-09-27 11:00:00,2017-09-27 13:00:00,2017-09-28 11:00:00,2017-10-04 11:00:00,2017-10-09 11:00:00
order_00101,cust_00101,delivered,2017-10-03 14:00:00,2017-10-03 16:00:00,2017-10-04 14:00:00,2017-10-11 14:00:00,2017-10-15 14:00:00
order_00102,cust_00102,delivered,2017-10-03 13:00:00,2017-10-03 15:00:00,2017-10-04 13:00:00,2017-10-08 13:00:00,2017-10-15 13:00:00
order_00103,cust_00103,delivered,2017-10-08 13:00:00,2017-10-08 15:00:00,2017-10-09 13:00:00,2017-10-13 13:00:00,2017-10-20 13:00:00
order_00104,cust_00104,delivered,2017-10-08 20:00:00,2017-10-08 22:00:00,2017-10-09 20:00:00,2017-10-17 20:00:00,2017-10-20 20:00:00
order_00105,cust_00105,delivered,2017-10-08 13:00:00,2017-10-08 15:00:00,2017-10-09 13:00:00,2017-10-14 13:00:00,2017-10-20 13:00:00
order_00106,cust_00106,delivered,2017-10-02 16:00:00,2017-10-02 18:00:00,2017-10-03 16:00:00,2017-10-10 16:00:00,2017-10-14 16:00:00
order_00107,cust_00107,delivered,2017-10-08 10:00:00,2017-10-08 12:00:00,2017-10-09 10:00:00,2017-10-15 10:00:00,2017-10-20 10:00:00
order_00108,cust_00108,delivered,2017-10-07 11:00:00,2017-10-07 13:00:00,2017-10-08 11:00:00,2017-10-14 11:00:00,2017-10-19 11:00:00
order_00109,cust_00109,delivered,2017-10-05 14:00:00,2017-10-05 16:00:00,2017-10-06 14:00:00,2017-10-14 14:00:00,2017-10-17 14:00:00
order_00110,cust_00110,delivered,2017-10-06 20:00:00,2017-10-06 22:00:00,2017-10-07 20:00:00,2017-10-15 20:00:00,2017-10-18 20:00:00
order_00111,cust_00111,delivered,2017-10-04 15:00:00,2017-10-04 17:00:00,2017-10-05 15:00:00,2017-10-13 15:00:00,2017-10-16 15:00:00
order_00112,cust_00112,delivered,2017-10-03 12:00:00,2017-10-03 14:00:00,2017-10-04 12:00:00,2017-10-12 12:00:00,2017-10-15 12:00:00
order_00113,cust_00113,delivered,2017-10-05 12:00:00,2017-10-05 14:00:00,2017-10-06 12:00:00,2017-10-10 12:00:00,2017-10-17 12:00:00
order_00114,cust_00114,delivered,2017-10-04 17:00:00,2017-10-04 19:00:00,2017-10-05 17:00:00,2017-10-13 17:00:00,2017-10-16 17:00:00
order_00115,cust_00115,delivered,2017-10-07 20:00:00,2017-10-07 22:00:00,2017-10-08 20:00:00,2017-10-16 20:00:00,2017-10-19 20:00:00
order_00116,cust_00116,delivered,2017-10-03 20:00:00,2017-10-03 22:00:00,2017-10-04 20:00:00,2017-10-10 20:00:00,2017-10-15 20:00:00
order_00117,cust_00117,delivered,2017-10-08 10:00:00,2017-10-08 12:00:00,2017-10-09 10:00:00,2017-10-17 10:00:00,2017-10-20 10:00:00
order_00118,cust_00118,delivered,2017-10-03 16:00:00,2017-10-03 18:00:00,2017-10-04 16:00:00,2017-10-09 16:00:00,2017-10-15 16:00:00
order_00119,cust_00119,delivered,2017-10-03 14:00:00,2017-10-03 16:00:00,2017-10-04 14:00:00,2017-10-11 14:00:00,2017-10-15 14:00:00
order_00120,cust_00120,delivered,2017-10-03 12:00:00,2017-10-03 14:00:00,2017-10-04 12:00:00,2017-10-12 12:00:00,2017-10-15 12:00:00
order_00121,cust_00121,delivered,2017-10-07 21:00:00,2017-10-07 23:00:00,2017-10-08 21:00:00,2017-10-14 21:00:00,2017-10-19 21:00:00
order_00122,cust_00122,delivered,2017-10-07 12:00:00,2017-10-07 14:00:00,2017-10-08 12:00:00,2017-10-14 12:00:00,2017-10-19 12:00:00
order_00123,cust_00123,delivered,2017-10-04 21:00:00,2017-10-04 23:00:00,2017-10-05 21:00:00,2017-10-11 21:00:00,2017-10-16 21:00:00
order_00124,cust_00124,delivered,2017-10-02 11:00:00,2017-10-02 13:00:00,2017-10-03 11:00:00,2017-10-06 11:00:00,2017-10-14 11:00:00
order_00125,cust_00125,delivered,2017-10-03 11:00:00,2017-10-03 13:00:00,2017-10-04 11:00:00,2017-10-10 11:00:00,2017-10-15 11:00:00
order_00126,cust_00126,delivered,2017-10-03 16:00:00,2017-10-03 18:00:00,2017-10-04 16:00:00,2017-10-07 16:00:00,2017-10-15 16:00:00
order_00127,cust_00127,delivered,2017-10-06 21:00:00,2017-10-06 23:00:00,2017-10-07 21:00:00,2017-10-15 21:00:00,2017-10-18 21:00:00
order_00128,cust_00128,delivered,2017-10-05 18:00:00,2017-10-05 20:00:00,2017-10-06 18:00:00,2017-10-09 18:00:00,2017-10-17 18:00:00
order_00129,cust_00129,delivered,2017-10-08 18:00:00,2017-10-08 20:00:00,2017-10-09 18:00:00,2017-10-14 18:00:00,2017-10-20 18:00:00
order_00130,cust_00130,delivered,2017-10-05 14:00:00,2017-10-05 16:00:00,2017-10-06 14:00:00,2017-10-11 14:00:00,2017-10-17 14:00:00
order_00131,cust_00131,delivered,2017-10-07 12:00:00,2017-10-07 14:00:00,2017-10-08 12:00:00,2017-10-12 12:00:00,2017-10-19 12:00:00
order_00132,cust_00132,delivered,2017-10-02 20:00:00,2017-10-02 22:00:00,2017-10-03 20:00:00,2017-10-10 20:00:00,2017-10-14 20:00:00
order_00133,cust_00133,delivered,2017-10-03 21:00:00,2017-10-03 23:00:00,2017-10-04 21:00:00,2017-10-07 21:00:00,2017-10-15 21:00:00
order_00134,cust_00134,delivered,2017-10-15 12:00:00,2017-10-15 14:00:00,2017-10-16 12:00:00,2017-10-20 12:00:00,2017-10-27 12:00:00
order_00135,cust_00135,delivered,2017-10-09 21:00:00,2017-10-09 23:00:00,2017-10-10 21:00:00,2017-10-13 21:00:00,2017-10-21 21:00:00
order_00136,cust_00136,delivered,2017-10-13 09:00:00,2017-10-13 11:00:00,2017-10-14 09:00:00,2017-10-17 09:00:00,2017-10-25 09:00:00
order_00137,cust_00137,delivered,2017-10-09 10:00:00,2017-10-09 12:00:00,2017-10-10 10:00:00,2017-10-16 10:00:00,2017-10-21 10:00:00
order_00138,cust_00138,delivered,2017-10-14 19:00:00,2017-10-14 21:00:00,2017-10-15 19:00:00,2017-10-23 19:00:00,2017-10-26 19:00:00
order_00139,cust_00139,delivered,2017-10-14 17:00:00,2017-10-14 19:00:00,2017-10-15 17:00:00,2017-10-19 17:00:00,2017-10-26 17:00:00
order_00140,cust_00140,delivered,2017-10-10 18:00:00,2017-10-10 20:00:00,2017-10-11 18:00:00,2017-10-17 18:00:00,2017-10-22 18:00:00
order_00141,cust_00141,delivered,2017-10-09 21:00:00,2017-10-09 23:00:00,2017-10-10 21:00:00,2017-10-14 21:00:00,2017-10-21 21:00:00
order_00142,cust_00142,delivered,2017-10-10 20:00:00,2017-10-10 22:00:00,2017-10-11 20:00:00,2017-10-17 20:00:00,2017-10-22 20:00:00
order_00143,cust_00143,delivered,2017-10-13 16:00:00,2017-10-13 18:00:00,2017-10-14 16:00:00,2017-10-20 16:00:00,2017-10-25 16:00:00
order_00144,cust_00144,delivered,2017-10-11 17:00:00,2017-10-11 19:00:00,2017-10-12 17:00:00,2017-10-15 17:00:00,2017-10-23 17:00:00
order_00145,cust_00145,delivered,2017-10-10 11:00:00,2017-10-10 13:00:00,2017-10-11 11:00:00,2017-10-15 11:00:00,2017-10-22 11:00:00
order_00146,cust_00146,delivered,2017-10-15 10:00:00,2017-10-15 12:00:00,2017-10-16 10:00:00,2017-10-20 10:00:00,2017-10-27 10:00:00
order_00147,cust_00147,delivered,2017-10-09 09:00:00,2017-10-09 11:00:00,2017-10-10 09:00:00,2017-10-13 09:00:00,2017-10-21 09:00:00
order_00148,cust_00148,delivered,2017-10-11 11:00:00,2017-10-11 13:00:00,2017-10-12 11:00:00,2017-10-16 11:00:00,2017-10-23 11:00:00
order_00149,cust_00149,delivered,2017-10-09 21:00:00,2017-10-09 23:00:00,2017-10-10 21:00:00,2017-10-17 21:00:00,2017-10-21 21:00:00
order_00150,cust_00150,delivered,2017-10-14 16:00:00,2017-10-14 18:00:00,2017-10-15 16:00:00,2017-10-21 16:00:00,2017-10-26 16:00:00
order_00151,cust_00151,delivered,2017-10-15 08:00:00,2017-10-15 10:00:00,2017-10-16 08:00:00,2017-10-21 08:00:00,2017-10-27 08:00:00
order_00152,cust_00152,delivered,2017-10-11 14:00:00,2017-10-11 16:00:00,2017-10-12 14:00:00,2017-10-15 14:00:00,2017-10-23 14:00:00
order_00153,cust_00153,delivered,2017-10-15 11:00:00,2017-10-15 13:00:00,2017-10-16 11:00:00,2017-10-19 11:00:00,2017-10-27 11:00:00
order_00154,cust_00154,delivered,2017-10-12 13:00:00,2017-10-12 15:00:00,2017-10-13 13:00:00,2017-10-18 13:00:00,2017-10-24 13:00:00
order_00155,cust_00155,delivered,2017-10-11 14:00:00,2017-10-11 16:00:00,2017-10-12 14:00:00,2017-10-18 14:00:00,2017-10-23 14:00:00
order_00156,cust_00156,delivered,2017-10-11 15:00:00,2017-10-11 17:00:00,2017-10-12 15:00:00,2017-10-18 15:00:00,2017-10-23 15:00:00
order_00157,cust_00157,delivered,2017-10-11 09:00:00,2017-10-11 11:00:00,2017-10-12 09:00:00,2017-10-17 09:00:00,2017-10-23 09:00:00
order_00158,cust_00158,delivered,2017-10-10 08:00:00,2017-10-10 10:00:00,2017-10-11 08:00:00,2017-10-19 08:00:00,2017-10-22 08:00:00
order_00159,cust_00159,delivered,2017-10-09 20:00:00,2017-10-09 22:00:00,2017-10-10 20:00:00,2017-10-17 20:00:00,2017-10-21 20:00:00
order_00160,cust_00160,delivered,2017-10-13 20:00:00,2017-10-13 22:00:00,2017-10-14 20:00:00,2017-10-18 20:00:00,2017-10-25 20:00:00
order_00161,cust_00161,delivered,2017-10-13 18:00:00,2017-10-13 20:00:00,2017-10-14 18:00:00,2017-10-22 18:00:00,2017-10-25 18:00:00
order_00162,cust_00162,delivered,2017-10-15 15:00:00,2017-10-15 17:00:00,2017-10-16 15:00:00,2017-10-19 15:00:00,2017-10-27 15:00:00
order_00163,cust_00163,delivered,2017-10-11 17:00:00,2017-10-11 19:00:00,2017-10-12 17:00:00,2017-10-19 17:00:00,2017-10-23 17:00:00
order_00164,cust_00164,delivered,2017-10-15 13:00:00,2017-10-15 15:00:00,2017-10-16 13:00:00,2017-10-24 13:00:00,2017-10-27 13:00:00
order_00165,cust_00165,delivered,2017-10-17 17:00:00,2017-10-17 19:00:00,2017-10-18 17:00:00,2017-10-22 17:00:00,2017-10-29 17:00:00
order_00166,cust_00166,delivered,2017-10-20 18:00:00,2017-10-20 20:00:00,2017-10-21 18:00:00,2017-10-28 18:00:00,2017-11-01 18:00:00
order_00167,cust_00167,delivered,2017-10-22 12:00:00,2017-10-22 14:00:00,2017-10-23 12:00:00,2017-10-26 12:00:00,2017-11-03 12:00:00
order_00168,cust_00168,delivered,2017-10-19 19:00:00,2017-10-19 21:00:00,2017-10-20 19:00:00,2017-10-26 19:00:00,2017-10-31 19:00:00
order_00169,cust_00169,delivered,2017-10-16 20:00:00,2017-10-16 22:00:00,2017-10-17 20:00:00,2017-10-22 20:00:00,2017-10-28 20:00:00
order_00170,cust_00170,delivered,2017-10-21 13:00:00,2017-10-21 15:00:00,2017-10-22 13:00:00,2017-10-26 13:00:00,2017-11-02 13:00:00
order_00171,cust_00171,delivered,2017-10-16 08:00:00,2017-10-16 10:00:00,2017-10-17 08:00:00,2017-10-25 08:00:00,2017-10-28 08:00:00
order_00172,cust_00172,delivered,2017-10-16 16:00:00,2017-10-16 18:00:00,2017-10-17 16:00:00,2017-10-20 16:00:00,2017-10-28 16:00:00
order_00173,cust_00173,delivered,2017-10-20 12:00:00,2017-10-20 14:00:00,2017-10-21 12:00:00,2017-10-24 12:00:00,2017-11-01 12:00:00
order_00174,cust_00174,delivered,2017-10-21 16:00:00,2017-10-21 18:00:00,2017-10-22 16:00:00,2017-10-27 16:00:00,2017-11-02 16:00:00
order_00175,cust_00175,delivered,2017-10-22 12:00:00,2017-10-22 14:00:00,2017-10-23 12:00:00,2017-10-26 12:00:00,2017-11-03 12:00:00
order_00176,cust_00176,delivered,2017-10-17 21:00:00,2017-10-17 23:00:00,2017-10-18 21:00:00,2017-10-22 21:00:00,2017-10-29 21:00:00
order_00177,cust_00177,delivered,2017-10-19 18:00:00,2017-10-19 20:00:00,2017-10-20 18:00:00,2017-10-23 18:00:00,2017-10-31 18:00:00
order_00178,cust_00178,delivered,2017-10-20 17:00:00,2017-10-20 19:00:00,2017-10-21 17:00:00,2017-10-26 17:00:00,2017-11-01 17:00:00
order_00179,cust_00179,delivered,2017-10-16 14:00:00,2017-10-16 16:00:00,2017-10-17 14:00:00,2017-10-24 14:00:00,2017-10-28 14:00:00
order_00180,cust_00180,delivered,2017-10-19 21:00:00,2017-10-19 23:00:00,2017-10-20 21:00:00,2017-10-26 21:00:00,2017-10-31 21:00:00
order_00181,cust_00181,delivered,2017-10-21 21:00:00,2017-10-21 23:00:00,2017-10-22 21:00:00,2017-10-28 21:00:00,2017-11-02 21:00:00
order_00182,cust_00182,delivered,2017-10-20 21:00:00,2017-10-20 23:00:00,2017-10-21 21:00:00,2017-10-25 21:00:00,2017-11-01 21:00:00
order_00183,cust_00183,delivered,2017-10-22 12:00:00,2017-10-22 14:00:00,2017-10-23 12:00:00,2017-10-30 12:00:00,2017-11-03 12:00:00
order_00184,cust_00184,delivered,2017-10-21 09:00:00,2017-10-21 11:00:00,2017-10-22 09:00:00,2017-10-29 09:00:00,2017-11-02 09:00:00
order_00185,cust_00185,delivered,2017-10-19 14:00:00,2017-10-19 16:00:00,2017-10-20 14:00:00,2017-10-26 14:00:00,2017-10-31 14:00:00
order_00186,cust_00186,delivered,2017-10-21 12:00:00,2017-10-21 14:00:00,2017-10-22 12:00:00,2017-10-30 12:00:00,2017-11-02 12:00:00
order_00187,cust_00187,delivered,2017-10-21 17:00:00,2017-10-21 19:00:00,2017-10-22 17:00:00,2017-10-29 17:00:00,2017-11-02 17:00:00
order_00188,cust_00188,delivered,2017-10-20 08:00:00,2017-10-20 10:00:00,2017-10-21 08:00:00,2017-10-26 08:00:00,2017-11-01 08:00:00
order_00189,cust_00189,delivered,2017-10-17 17:00:00,2017-10-17 19:00:00,2017-10-18 17:00:00,2017-10-22 17:00:00,2017-10-29 17:00:00
order_00190,cust_00190,delivered,2017-10-22 20:00:00,2017-10-22 22:00:00,2017-10-23 20:00:00,2017-10-26 20:00:00,2017-11-03 20:00:00
order_00191,cust_00191,delivered,2017-10-16 11:00:00,2017-10-16 13:00:00,2017-10-17 11:00:00,2017-10-23 11:00:00,2017-10-28 11:00:00
order_00192,cust_00192,delivered,2017-10-22 10:00:00,2017-10-22 12:00:00,2017-10-23 10:00:00,2017-10-28 10:00:00,2017-11-03 10:00:00
order_00193,cust_00193,delivered,2017-10-21 15:00:00,2017-10-21 17:00:00,2017-10-22 15:00:00,2017-10-25 15:00:00,2017-11-02 15:00:00
order_00194,cust_00194,delivered,2017-10-16 13:00:00,2017-10-16 15:00:00,2017-10-17 13:00:00,2017-10-24 13:00:00,2017-10-28 13:00:00
order_00195,cust_00195,delivered,2017-10-17 15:00:00,2017-10-17 17:00:00,2017-10-18 15:00:00,2017-10-23 15:00:00,2017-10-29 15:00:00
order_00196,cust_00196,delivered,2017-10-16 11:00:00,2017-10-16 13:00:00,2017-10-17 11:00:00,2017-10-22 11:00:00,2017-10-28 11:00:00
order_00197,cust_00197,delivered,2017-10-19 18:00:00,2017-10-19 20:00:00,2017-10-20 18:00:00,2017-10-27 18:00:00,2017-10-31 18:00:00
order_00198,cust_00198,delivered,2017-10-18 17:00:00,2017-10-18 19:00:00,2017-10-19 17:00:00,2017-10-25 17:00:00,2017-10-30 17:00:00
order_00199,cust_00199,delivered,2017-10-16 16:00:00,2017-10-16 18:00:00,2017-10-17 16:00:00,2017-10-22 16:00:00,2017-10-28 16:00:00
order_00200,cust_00200,delivered,2017-10-22 21:00:00,2017-10-22 23:00:00,2017-10-23 21:00:00,2017-10-27 21:00:00,2017-11-03 21:00:00
order_00201,cust_00201,delivered,2017-10-17 09:00:00,2017-10-17 11:00:00,2017-10-18 09:00:00,2017-10-26 09:00:00,2017-10-29 09:00:00
order_00202,cust_00202,delivered,2017-10-19 20:00:00,2017-10-19 22:00:00,2017-10-20 20:00:00,2017-10-28 20:00:00,2017-10-31 20:00:00
order_00203,cust_00203,delivered,2017-10-21 19:00:00,2017-10-21 21:00:00,2017-10-22 19:00:00,2017-10-28 19:00:00,2017-11-02 19:00:00
order_00204,cust_00204,delivered,2017-10-17 14:00:00,2017-10-17 16:00:00,2017-10-18 14:00:00,2017-10-22 14:00:00,2017-10-29 14:00:00
order_00205,cust_00205,delivered,2017-10-20 15:00:00,2017-10-20 17:00:00,2017-10-21 15:00:00,2017-10-29 15:00:00,2017-11-01 15:00:00
order_00206,cust_00206,delivered,2017-10-22 17:00:00,2017-10-22 19:00:00,2017-10-23 17:00:00,2017-10-30 17:00:00,2017-11-03 17:00:00
order_00207,cust_00207,delivered,2017-10-21 14:00:00,2017-10-21 16:00:00,2017-10-22 14:00:00,2017-10-30 14:00:00,2017-11-02 14:00:00
order_00208,cust_00208,delivered,2017-10-21 16:00:00,2017-10-21 18:00:00,2017-10-22 16:00:00,2017-10-30 16:00:00,2017-11-02 16:00:00
order_00209,cust_00209,delivered,2017-10-20 10:00:00,2017-10-20 12:00:00,2017-10-21 10:00:00,2017-10-29 10:00:00,2017-11-01 10:00:00
order_00210,cust_00210,delivered,2017-10-17 19:00:00,2017-10-17 21:00:00,2017-10-18 19:00:00,2017-10-22 19:00:00,2017-10-29 19:00:00
order_00211,cust_00211,delivered,2017-10-22 10:00:00,2017-10-22 12:00:00,2017-10-23 10:00:00,2017-10-31 10:00:00,2017-11-03 10:00:00
order_00212,cust_00212,delivered,2017-10-16 19:00:00,2017-10-16 21:00:00,2017-10-17 19:00:00,2017-10-22 19:00:00,2017-10-28 19:00:00
order_00213,cust_00213,delivered,2017-10-16 08:00:00,2017-10-16 10:00:00,2017-10-17 08:00:00,2017-10-23 08:00:00,2017-10-28 08:00:00
order_00214,cust_00214,delivered,2017-10-19 11:00:00,2017-10-19 13:00:00,2017-10-20 11:00:00,2017-10-27 11:00:00,2017-10-31 11:00:00
order_00215,cust_00215,delivered,2017-10-21 08:00:00,2017-10-21 10:00:00,2017-10-22 08:00:00,2017-10-25 08:00:00,2017-11-02 08:00:00
order_00216,cust_00216,delivered,2017-10-22 12:00:00,2017-10-22 14:00:00,2017-10-23 12:00:00,2017-10-31 12:00:00,2017-11-03 12:00:00
order_00217,cust_00217,delivered,2017-10-22 21:00:00,2017-10-22 23:00:00,2017-10-23 21:00:00,2017-10-28 21:00:00,2017-11-03 21:00:00
order_00218,cust_00218,delivered,2017-10-19 14:00:00,2017-10-19 16:00:00,2017-10-20 14:00:00,2017-10-26 14:00:00,2017-10-31 14:00:00
order_00219,cust_00219,delivered,2017-10-19 09:00:00,2017-10-19 11:00:00,2017-10-20 09:00:00,2017-10-23 09:00:00,2017-10-31 09:00:00
order_00220,cust_00220,delivered,2017-10-19 13:00:00,2017-10-19 15:00:00,2017-10-20 13:00:00,2017-10-23 13:00:00,2017-10-31 13:00:00
order_00221,cust_00221,delivered,2017-10-20 18:00:00,2017-10-20 20:00:00,2017-10-21 18:00:00,2017-10-26 18:00:00,2017-11-01 18:00:00
order_00222,cust_00222,delivered,2017-10-22 10:00:00,2017-10-22 12:00:00,2017-10-23 10:00:00,2017-10-29 10:00:00,2017-11-03 10:00:00
order_00223,cust_00223,delivered,2017-10-17 12:00:00,2017-10-17 14:00:00,2017-10-18 12:00:00,2017-10-23 12:00:00,2017-10-29 12:00:00
order_00224,cust_00224,delivered,2017-10-18 09:00:00,2017-10-18 11:00:00,2017-10-19 09:00:00,2017-10-23 09:00:00,2017-10-30 09:00:00
order_00225,cust_00225,delivered,2017-10-21 12:00:00,2017-10-21 14:00:00,2017-10-22 12:00:00,2017-10-30 12:00:00,2017-11-02 12:00:00
order_00226,cust_00226,delivered,2017-10-20 09:00:00,2017-10-20 11:00:00,2017-10-21 09:00:00,2017-10-27 09:00:00,2017-11-01 09:00:00
order_00227,cust_00227,delivered,2017-10-19 16:00:00,2017-10-19 18:00:00,2017-10-20 16:00:00,2017-10-24 16:00:00,2017-10-31 16:00:00
order_00228,cust_00228,delivered,2017-10-17 15:00:00,2017-10-17 17:00:00,2017-10-18 15:00:00,2017-10-23 15:00:00,2017-10-29 15:00:00
order_00229,cust_00229,delivered,2017-10-20 19:00:00,2017-10-20 21:00:00,2017-10-21 19:00:00,2017-10-28 19:00:00,2017-11-01 19:00:00
order_00230,cust_00230,delivered,2017-10-20 15:00:00,2017-10-20 17:00:00,2017-10-21 15:00:00,2017-10-24 15:00:00,2017-11-01 15:00:00
order_00231,cust_00231,delivered,2017-10-22 20:00:00,2017-10-22 22:00:00,2017-10-23 20:00:00,2017-10-28 20:00:00,2017-11-03 20:00:00
order_00232,cust_00232,delivered,2017-10-20 21:00:00,2017-10-20 23:00:00,2017-10-21 21:00:00,2017-10-29 21:00:00,2017-11-01 21:00:00
order_00233,cust_00233,delivered,2017-10-17 17:00:00,2017-10-17 19:00:00,2017-10-18 17:00:00,2017-10-25 17:00:00,2017-10-29 17:00:00
order_00234,cust_00234,delivered,2017-10-18 08:00:00,2017-10-18 10:00:00,2017-10-19 08:00:00,2017-10-24 08:00:00,2017-10-30 08:00:00
order_00235,cust_00235,delivered,2017-10-16 16:00:00,2017-10-16 18:00:00,2017-10-17 16:00:00,2017-10-22 16:00:00,2017-10-28 16:00:00
order_00236,cust_00236,delivered,2017-10-29 12:00:00,2017-10-29 14:00:00,2017-10-30 12:00:00,2017-11-03 12:00:00,2017-11-10 12:00:00
order_00237,cust_00237,delivered,2017-10-24 20:00:00,2017-10-24 22:00:00,2017-10-25 20:00:00,2017-10-29 20:00:00,2017-11-05 20:00:00
order_00238,cust_00238,delivered,2017-10-25 10:00:00,2017-10-25 12:00:00,2017-10-26 10:00:00,2017-11-02 10:00:00,2017-11-06 10:00:00
order_00239,cust_00239,delivered,2017-10-27 09:00:00,2017-10-27 11:00:00,2017-10-28 09:00:00,2017-11-04 09:00:00,2017-11-08 09:00:00
order_00240,cust_00240,delivered,2017-10-25 10:00:00,2017-10-25 12:00:00,2017-10-26 10:00:00,2017-10-31 10:00:00,2017-11-06 10:00:00
order_00241,cust_00241,delivered,2017-10-27 18:00:00,2017-10-27 20:00:00,2017-10-28 18:00:00,2017-10-31 18:00:00,2017-11-08 18:00:00
order_00242,cust_00242,delivered,2017-10-24 08:00:00,2017-10-24 10:00:00,2017-10-25 08:00:00,2017-10-29 08:00:00,2017-11-05 08:00:00
order_00243,cust_00243,delivered,2017-10-28 20:00:00,2017-10-28 22:00:00,2017-10-29 20:00:00,2017-11-03 20:00:00,2017-11-09 20:00:00
order_00244,cust_00244,delivered,2017-10-26 12:00:00,2017-10-26 14:00:00,2017-10-27 12:00:00,2017-11-02 12:00:00,2017-11-07 12:00:00
order_00245,cust_00245,delivered,2017-10-28 21:00:00,2017-10-28 23:00:00,2017-10-29 21:00:00,2017-11-03 21:00:00,2017-11-09 21:00:00
order_00246,cust_00246,delivered,2017-10-26 13:00:00,2017-10-26 15:00:00,2017-10-27 13:00:00,2017-11-03 13:00:00,2017-11-07 13:00:00
order_00247,cust_00247,delivered,2017-10-27 19:00:00,2017-10-27 21:00:00,2017-10-28 19:00:00,2017-11-03 19:00:00,2017-11-08 19:00:00
order_00248,cust_00248,delivered,2017-10-28 20:00:00,2017-10-28 22:00:00,2017-10-29 20:00:00,2017-11-03 20:00:00,2017-11-09 20:00:00
order_00249,cust_00249,delivered,2017-10-29 20:00:00,2017-10-29 22:00:00,2017-10-30 20:00:00,2017-11-03 20:00:00,2017-11-10 20:00:00
order_00250,cust_00250,delivered,2017-10-25 20:00:00,2017-10-25 22:00:00,2017-10-26 20:00:00,2017-11-01 20:00:00,2017-11-06 20:00:00
order_00251,cust_00251,delivered,2017-10-26 18:00:00,2017-10-26 20:00:00,2017-10-27 18:00:00,2017-11-01 18:00:00,2017-11-07 18:00:00
order_00252,cust_00252,delivered,2017-10-25 19:00:00,2017-10-25 21:00:00,2017-10-26 19:00:00,2017-11-01 19:00:00,2017-11-06 19:00:00
order_00253,cust_00253,delivered,2017-10-27 20:00:00,2017-10-27 22:00:00,2017-10-28 20:00:00,2017-11-01 20:00:00,2017-11-08 20:00:00
order_00254,cust_00254,delivered,2017-10-24 10:00:00,2017-10-24 12:00:00,2017-10-25 10:00:00,2017-10-30 10:00:00,2017-11-05 10:00:00
order_00255,cust_00255,delivered,2017-10-24 12:00:00,2017-10-24 14:00:00,2017-10-25 12:00:00,2017-11-02 12:00:00,2017-11-05 12:00:00
order_00256,cust_00256,delivered,2017-10-23 20:00:00,2017-10-23 22:00:00,2017-10-24 20:00:00,2017-10-28 20:00:00,2017-11-04 20:00:00
order_00257,cust_00257,delivered,2017-10-27 11:00:00,2017-10-27 13:00:00,2017-10-28 11:00:00,2017-11-04 11:00:00,2017-11-08 11:00:00
order_00258,cust_00258,delivered,2017-10-28 16:00:00,2017-10-28 18:00:00,2017-10-29 16:00:00,2017-11-05 16:00:00,2017-11-09 16:00:00
order_00259,cust_00259,delivered,2017-10-23 08:00:00,2017-10-23 10:00:00,2017-10-24 08:00:00,2017-10-28 08:00:00,2017-11-04 08:00:00
order_00260,cust_00260,delivered,2017-10-27 12:00:00,2017-10-27 14:00:00,2017-10-28 12:00:00,2017-11-04 12:00:00,2017-11-08 12:00:00
order_00261,cust_00261,delivered,2017-10-25 19:00:00,2017-10-25 21:00:00,2017-10-26 19:00:00,2017-11-02 19:00:00,2017-11-06 19:00:00
order_00262,cust_00262,delivered,2017-10-27 13:00:00,2017-10-27 15:00:00,2017-10-28 13:00:00,2017-11-05 13:00:00,2017-11-08 13:00:00
order_00263,cust_00263,delivered,2017-10-29 19:00:00,2017-10-29 21:00:00,2017-10-30 19:00:00,2017-11-05 19:00:00,2017-11-10 19:00:00
order_00264,cust_00264,delivered,2017-10-25 16:00:00,2017-10-25 18:00:00,2017-10-26 16:00:00,2017-11-02 16:00:00,2017-11-06 16:00:00
order_00265,cust_00265,delivered,2017-10-24 21:00:00,2017-10-24 23:00:00,2017-10-25 21:00:00,2017-11-02 21:00:00,2017-11-05 21:00:00
order_00266,cust_00266,delivered,2017-10-28 12:00:00,2017-10-28 14:00:00,2017-10-29 12:00:00,2017-11-04 12:00:00,2017-11-09 12:00:00
order_00267,cust_00267,delivered,2017-10-26 19:00:00,2017-10-26 21:00:00,2017-10-27 19:00:00,2017-10-30 19:00:00,2017-11-07 19:00:00
order_00268,cust_00268,delivered,2017-10-24 08:00:00,2017-10-24 10:00:00,2017-10-25 08:00:00,2017-11-01 08:00:00,2017-11-05 08:00:00
order_00269,cust_00269,delivered,2017-10-29 15:00:00,2017-10-29 17:00:00,2017-10-30 15:00:00,2017-11-02 15:00:00,2017-11-10 15:00:00
order_00270,cust_00270,delivered,2017-10-27 20:00:00,2017-10-27 22:00:00,2017-10-28 20:00:00,2017-11-02 20:00:00,2017-11-08 20:00:00
order_00271,cust_00271,delivered,2017-10-31 13:00:00,2017-10-31 15:00:00,2017-11-01 13:00:00,2017-11-13 13:00:00,2017-11-12 13:00:00
order_00272,cust_00272,delivered,2017-11-02 14:00:00,2017-11-02 16:00:00,2017-11-03 14:00:00,2017-11-19 14:00:00,2017-11-14 14:00:00
order_00273,cust_00273,delivered,2017-11-05 14:00:00,2017-11-05 16:00:00,2017-11-06 14:00:00,2017-11-21 14:00:00,2017-11-17 14:00:00
order_00274,cust_00274,delivered,2017-10-30 21:00:00,2017-10-30 23:00:00,2017-10-31 21:00:00,2017-11-19 21:00:00,2017-11-11 21:00:00
order_00275,cust_00275,delivered,2017-11-03 08:00:00,2017-11-03 10:00:00,2017-11-04 08:00:00,2017-11-24 08:00:00,2017-11-15 08:00:00
order_00276,cust_00276,delivered,2017-10-31 21:00:00,2017-10-31 23:00:00,2017-11-01 21:00:00,2017-11-21 21:00:00,2017-11-12 21:00:00
order_00277,cust_00277,delivered,2017-11-04 17:00:00,2017-11-04 19:00:00,2017-11-05 17:00:00,2017-11-22 17:00:00,2017-11-16 17:00:00
order_00278,cust_00278,delivered,2017-11-02 17:00:00,2017-11-02 19:00:00,2017-11-03 17:00:00,2017-11-16 17:00:00,2017-11-14 17:00:00
order_00279,cust_00279,delivered,2017-11-02 11:00:00,2017-11-02 13:00:00,2017-11-03 11:00:00,2017-11-15 11:00:00,2017-11-14 11:00:00
order_00280,cust_00280,delivered,2017-11-04 18:00:00,2017-11-04 20:00:00,2017-11-05 18:00:00,2017-11-25 18:00:00,2017-11-16 18:00:00
order_00281,cust_00281,delivered,2017-11-05 12:00:00,2017-11-05 14:00:00,2017-11-06 12:00:00,2017-11-29 12:00:00,2017-11-17 12:00:00
order_00282,cust_00282,delivered,2017-11-05 17:00:00,2017-11-05 19:00:00,2017-11-06 17:00:00,2017-11-27 17:00:00,2017-11-17 17:00:00
order_00283,cust_00283,delivered,2017-10-30 13:00:00,2017-10-30 15:00:00,2017-10-31 13:00:00,2017-11-16 13:00:00,2017-11-11 13:00:00
order_00284,cust_00284,delivered,2017-11-02 09:00:00,2017-11-02 11:00:00,2017-11-03 09:00:00,2017-11-19 09:00:00,2017-11-14 09:00:00
order_00285,cust_00285,delivered,2017-11-05 09:00:00,2017-11-05 11:00:00,2017-11-06 09:00:00,2017-11-20 09:00:00,2017-11-17 09:00:00
order_00286,cust_00286,delivered,2017-10-30 13:00:00,2017-10-30 15:00:00,2017-10-31 13:00:00,2017-11-14 13:00:00,2017-11-11 13:00:00
order_00287,cust_00287,delivered,2017-11-05 21:00:00,2017-11-05 23:00:00,2017-11-06 21:00:00,2017-11-20 21:00:00,2017-11-17 21:00:00
order_00288,cust_00288,delivered,2017-10-31 14:00:00,2017-10-31 16:00:00,2017-11-01 14:00:00,2017-11-21 14:00:00,2017-11-12 14:00:00
order_00289,cust_00289,delivered,2017-11-04 21:00:00,2017-11-04 23:00:00,2017-11-05 21:00:00,2017-11-23 21:00:00,2017-11-16 21:00:00
order_00290,cust_00290,delivered,2017-11-01 15:00:00,2017-11-01 17:00:00,2017-11-02 15:00:00,2017-11-16 15:00:00,2017-11-13 15:00:00
order_00291,cust_00291,delivered,2017-10-30 08:00:00,2017-10-30 10:00:00,2017-10-31 08:00:00,2017-11-11 08:00:00,2017-11-11 08:00:00
order_00292,cust_00292,delivered,2017-10-31 11:00:00,2017-10-31 13:00:00,2017-11-01 11:00:00,2017-11-21 11:00:00,2017-11-12 11:00:00
order_00293,cust_00293,delivered,2017-11-05 20:00:00,2017-11-05 22:00:00,2017-11-06 20:00:00,2017-11-22 20:00:00,2017-11-17 20:00:00
order_00294,cust_00294,delivered,2017-11-04 10:00:00,2017-11-04 12:00:00,2017-11-05 10:00:00,2017-11-22 10:00:00,2017-11-16 10:00:00
order_00295,cust_00295,delivered,2017-11-02 08:00:00,2017-11-02 10:00:00,2017-11-03 08:00:00,2017-11-25 08:00:00,2017-11-14 08:00:00
order_00296,cust_00296,delivered,2017-10-30 18:00:00,2017-10-30 20:00:00,2017-10-31 18:00:00,2017-11-21 18:00:00,2017-11-11 18:00:00
order_00297,cust_00297,delivered,2017-11-04 12:00:00,2017-11-04 14:00:00,2017-11-05 12:00:00,2017-11-23 12:00:00,2017-11-16 12:00:00
order_00298,cust_00298,delivered,2017-11-05 20:00:00,2017-11-05 22:00:00,2017-11-06 20:00:00,2017-11-22 20:00:00,2017-11-17 20:00:00
order_00299,cust_00299,delivered,2017-11-02 20:00:00,2017-11-02 22:00:00,2017-11-03 20:00:00,2017-11-24 20:00:00,2017-11-14 20:00:00
order_00300,cust_00300,delivered,2017-10-30 09:00:00,2017-10-30 11:00:00,2017-10-31 09:00:00,2017-11-20 09:00:00,2017-11-11 09:00:00
order_00301,cust_00301,delivered,2017-11-01 10:00:00,2017-11-01 12:00:00,2017-11-02 10:00:00,2017-11-25 10:00:00,2017-11-13 10:00:00
order_00302,cust_00302,delivered,2017-11-02 12:00:00,2017-11-02 14:00:00,2017-11-03 12:00:00,2017-11-22 12:00:00,2017-11-14 12:00:00
order_00303,cust_00303,delivered,2017-11-01 19:00:00,2017-11-01 21:00:00,2017-11-02 19:00:00,2017-11-16 19:00:00,2017-11-13 19:00:00
order_00304,cust_00304,delivered,2017-11-04 18:00:00,2017-11-04 20:00:00,2017-11-05 18:00:00,2017-11-27 18:00:00,2017-11-16 18:00:00
order_00305,cust_00305,delivered,2017-11-02 10:00:00,2017-11-02 12:00:00,2017-11-03 10:00:00,2017-11-18 10:00:00,2017-11-14 10:00:00
order_00306,cust_00306,delivered,2017-11-04 12:00:00,2017-11-04 14:00:00,2017-11-05 12:00:00,2017-11-24 12:00:00,2017-11-16 12:00:00
order_00307,cust_00307,delivered,2017-11-05 17:00:00,2017-11-05 19:00:00,2017-11-06 17:00:00,2017-11-20 17:00:00,2017-11-17 17:00:00
order_00308,cust_00308,delivered,2017-11-03 10:00:00,2017-11-03 12:00:00,2017-11-04 10:00:00,2017-11-24 10:00:00,2017-11-15 10:00:00
order_00309,cust_00309,delivered,2017-11-04 12:00:00,2017-11-04 14:00:00,2017-11-05 12:00:00,2017-11-24 12:00:00,2017-11-16 12:00:00
order_00310,cust_00310,delivered,2017-11-01 08:00:00,2017-11-01 10:00:00,2017-11-02 08:00:00,2017-11-18 08:00:00,2017-11-13 08:00:00
order_00311,cust_00311,delivered,2017-11-06 16:00:00,2017-11-06 18:00:00,2017-11-07 16:00:00,2017-11-15 16:00:00,2017-11-18 16:00:00
order_00312,cust_00312,delivered,2017-11-10 18:00:00,2017-11-10 20:00:00,2017-11-11 18:00:00,2017-11-17 18:00:00,2017-11-22 18:00:00
order_00313,cust_00313,delivered,2017-11-12 19:00:00,2017-11-12 21:00:00,2017-11-13 19:00:00,2017-11-18 19:00:00,2017-11-24 19:00:00
order_00314,cust_00314,delivered,2017-11-08 18:00:00,2017-11-08 20:00:00,2017-11-09 18:00:00,2017-11-12 18:00:00,2017-11-20 18:00:00
order_00315,cust_00315,delivered,2017-11-11 12:00:00,2017-11-11 14:00:00,2017-11-12 12:00:00,2017-11-20 12:00:00,2017-11-23 12:00:00
order_00316,cust_00316,delivered,2017-11-12 18:00:00,2017-11-12 20:00:00,2017-11-13 18:00:00,2017-11-19 18:00:00,2017-11-24 18:00:00
order_00317,cust_00317,delivered,2017-11-10 12:00:00,2017-11-10 14:00:00,2017-11-11 12:00:00,2017-11-18 12:00:00,2017-11-22 12:00:00
order_00318,cust_00318,delivered,2017-11-10 09:00:00,2017-11-10 11:00:00,2017-11-11 09:00:00,2017-11-14 09:00:00,2017-11-22 09:00:00
order_00319,cust_00319,delivered,2017-11-10 20:00:00,2017-11-10 22:00:00,2017-11-11 20:00:00,2017-11-14 20:00:00,2017-11-22 20:00:00
order_00320,cust_00320,delivered,2017-11-12 11:00:00,2017-11-12 13:00:00,2017-11-13 11:00:00,2017-11-18 11:00:00,2017-11-24 11:00:00
order_00321,cust_00321,delivered,2017-11-09 14:00:00,2017-11-09 16:00:00,2017-11-10 14:00:00,2017-11-17 14:00:00,2017-11-21 14:00:00
order_00322,cust_00322,delivered,2017-11-11 19:00:00,2017-11-11 21:00:00,2017-11-12 19:00:00,2017-11-19 19:00:00,2017-11-23 19:00:00
order_00323,cust_00323,delivered,2017-11-10 08:00:00,2017-11-10 10:00:00,2017-11-11 08:00:00,2017-11-17 08:00:00,2017-11-22 08:00:00
order_00324,cust_00324,delivered,2017-11-12 21:00:00,2017-11-12 23:00:00,2017-11-13 21:00:00,2017-11-21 21:00:00,2017-11-24 21:00:00
order_00325,cust_00325,delivered,2017-11-11 10:00:00,2017-11-11 12:00:00,2017-11-12 10:00:00,2017-11-20 10:00:00,2017-11-23 10:00:00
order_00326,cust_00326,delivered,2017-11-09 21:00:00,2017-11-09 23:00:00,2017-11-10 21:00:00,2017-11-14 21:00:00,2017-11-21 21:00:00
order_00327,cust_00327,delivered,2017-11-12 14:00:00,2017-11-12 16:00:00,2017-11-13 14:00:00,2017-11-17 14:00:00,2017-11-24 14:00:00
order_00328,cust_00328,delivered,2017-11-06 11:00:00,2017-11-06 13:00:00,2017-11-07 11:00:00,2017-11-14 11:00:00,2017-11-18 11:00:00
order_00329,cust_00329,delivered,2017-11-07 08:00:00,2017-11-07 10:00:00,2017-11-08 08:00:00,2017-11-12 08:00:00,2017-11-19 08:00:00
order_00330,cust_00330,delivered,2017-11-10 17:00:00,2017-11-10 19:00:00,2017-11-11 17:00:00,2017-11-19 17:00:00,2017-11-22 17:00:00
order_00331,cust_00331,delivered,2017-11-09 17:00:00,2017-11-09 19:00:00,2017-11-10 17:00:00,2017-11-14 17:00:00,2017-11-21 17:00:00
order_00332,cust_00332,delivered,2017-11-07 20:00:00,2017-11-07 22:00:00,2017-11-08 20:00:00,2017-11-11 20:00:00,2017-11-19 20:00:00
order_00333,cust_00333,delivered,2017-11-09 08:00:00,2017-11-09 10:00:00,2017-11-10 08:00:00,2017-11-16 08:00:00,2017-11-21 08:00:00
order_00334,cust_00334,delivered,2017-11-10 17:00:00,2017-11-10 19:00:00,2017-11-11 17:00:00,2017-11-18 17:00:00,2017-11-22 17:00:00
order_00335,cust_00335,delivered,2017-11-10 09:00:00,2017-11-10 11:00:00,2017-11-11 09:00:00,2017-11-18 09:00:00,2017-11-22 09:00:00
order_00336,cust_00336,delivered,2017-11-08 12:00:00,2017-11-08 14:00:00,2017-11-09 12:00:00,2017-11-14 12:00:00,2017-11-20 12:00:00
order_00337,cust_00337,delivered,2017-11-09 17:00:00,2017-11-09 19:00:00,2017-11-10 17:00:00,2017-11-17 17:00:00,2017-11-21 17:00:00
order_00338,cust_00338,delivered,2017-11-07 12:00:00,2017-11-07 14:00:00,2017-11-08 12:00:00,2017-11-13 12:00:00,2017-11-19 12:00:00
order_00339,cust_00339,delivered,2017-11-12 20:00:00,2017-11-12 22:00:00,2017-11-13 20:00:00,2017-11-18 20:00:00,2017-11-24 20:00:00
order_00340,cust_00340,delivered,2017-11-12 20:00:00,2017-11-12 22:00:00,2017-11-13 20:00:00,2017-11-17 20:00:00,2017-11-24 20:00:00
order_00341,cust_00341,delivered,2017-11-08 09:00:00,2017-11-08 11:00:00,2017-11-09 09:00:00,2017-11-16 09:00:00,2017-11-20 09:00:00
order_00342,cust_00342,delivered,2017-11-12 08:00:00,2017-11-12 10:00:00,2017-11-13 08:00:00,2017-11-21 08:00:00,2017-11-24 08:00:00
order_00343,cust_00343,delivered,2017-11-12 11:00:00,2017-11-12 13:00:00,2017-11-13 11:00:00,2017-11-21 11:00:00,2017-11-24 11:00:00
order_00344,cust_00344,delivered,2017-11-08 09:00:00,2017-11-08 11:00:00,2017-11-09 09:00:00,2017-11-13 09:00:00,2017-11-20 09:00:00
order_00345,cust_00345,delivered,2017-11-08 12:00:00,2017-11-08 14:00:00,2017-11-09 12:00:00,2017-11-15 12:00:00,2017-11-20 12:00:00
order_00346,cust_00346,delivered,2017-11-08 17:00:00,2017-11-08 19:00:00,2017-11-09 17:00:00,2017-11-12 17:00:00,2017-11-20 17:00:00
order_00347,cust_00347,delivered,2017-11-07 15:00:00,2017-11-07 17:00:00,2017-11-08 15:00:00,2017-11-11 15:00:00,2017-11-19 15:00:00
